Reference,Value,Ref Mouser,Ref Radiospares,Ref Fabricant,Fabricant,Datasheet,Footprint,Qty,DNP
"C1,C13",10nF,710-885382207009,,885382207009,Wurth Elektronik,~,Capacitor_SMD:C_0805_2012Metric_Pad1.18x1.45mm_HandSolder,2,
C2,4.7nF,710-885342207009,,885342207009,Wurth Elektronik,~,Capacitor_SMD:C_0805_2012Metric_Pad1.18x1.45mm_HandSolder,1,
"C3,C4,C5,C6,C7,C10,C11,C18,C20,C22,C30,C31,C32,C33,C34,C35,C36,C37,C38,C39,C40,C41,C42,C43,C44,C45,C46",100nF,710-885012207045,,885012207045,Wurth Elektronik,~,Capacitor_SMD:C_0805_2012Metric_Pad1.18x1.45mm_HandSolder,27,
"C8,C17,C19,C21",10µF,187-CL21A106KOQNNNE,,CL21A106KOQNNNE,Samsung Electro-Mechanics,~,Capacitor_SMD:C_0805_2012Metric_Pad1.18x1.45mm_HandSolder,4,
"C9,C12",1µF,187-CL21B105KOFNNNF,,CL21B105KOFNNNF,Samsung Electro-Mechanics,~,Capacitor_SMD:C_0805_2012Metric_Pad1.18x1.45mm_HandSolder,2,
"C14,C15",47pF,710-885012007014,,885012007014,Wurth Elektronik,~,Capacitor_SMD:C_0805_2012Metric_Pad1.18x1.45mm_HandSolder,2,
C16,10nf,710-885382207009,,885382207009,Wurth Elektronik,~,Capacitor_SMD:C_0805_2012Metric_Pad1.18x1.45mm_HandSolder,1,
"D1,D2,D4,D5,D6,D7",LED,710-150080SS75000,,150080SS75000,Wurth Elektronik,~,LED_SMD:LED_0805_2012Metric,6,
D9,BAT54SFILMY,511-BAT54SFILMY,,BAT54SFILMY,STMicroelectronics,https://www.diodes.com/assets/Datasheets/ds11005.pdf,Package_TO_SOT_SMD:SOT-23,1,
FB1,FerriteBead_Small,791-WLFM201209M1R0PP,,WLFM201209M1R0PP,Walsin,~,Inductor_SMD:L_Walsin_WLFM201209x,1,
J1,USB_C_Receptacle_USB2.0_14P,640-USB4105-GF-A,,USB4105-GF-A,GCT,https://www.usb.org/sites/default/files/documents/usb_type-c.zip,Connector_USB:USB_C_Receptacle_GCT_USB4105-xx-A_16P_TopMnt_Horizontal,1,
J2,JST-XH_S2B-XH-A,306-S2B-XH-ALFSN,820-1582,S2B-XH-A(LF)(SN),JST,~,Connector_JST:JST_XH_S2B-XH-A_1x02_P2.50mm_Horizontal,1,
J3,FTSH-105-01-L-DV-007,200-SH10501LDV007KTR,,FTSH-105-01-L-DV-007-K-TR,Samtec,,FTSH-105-01-L-DV-007-K:SAMTEC_FTSH-105-X-X-DV-007-P-X,1,
"J4,J5,J6,J7,J10,J11,J12,J13,J14,J15,J16,J17,J18,J19,J23,J24,J25",JST_PH_B4B,B4B-PH-K(LF)(SN),820-1434P,B4B-PH-K-S(LF)(SN),JST,~,Connector_JST:JST_PH_B4B-PH-K_1x04_P2.00mm_Vertical,17,
"J8,J9",TSW-104-07-G-T,200-TSW10407GT,,TSW-104-07-G-T,Samtec,,TSW-104-07-G-T:SAMTEC_TSW-104-07-G-T,2,
J20,Conn_02x08_Odd_Even,640-BG040-14A0453NG,,BG040-14-A-0450-0300-N-G,GCT,~,Connector_PinHeader_2.54mm:PinHeader_2x07_P2.54mm_Vertical,1,
J22,JST_PH_B6B,306-B6BPHKLFSNP,,B6B-PH-K(LF)(SN),JST,~,Connector_JST:JST_PH_B6B-PH-K_1x06_P2.00mm_Vertical,1,
J26,JST-PH-B2B,306-S2BPHKSLFSNPP,820-1494P,S2B-PH-K-S(LF)(SN),JST,~,Connector_JST:JST_PH_B2B-PH-K_1x02_P2.00mm_Vertical,1,
J27,JST_PH_B5B,306-B5BPHKSLFSNP,820-1438,B5B-PH-K-S(LF)(SN),JST,~,Connector_JST:JST_PH_B5B-PH-K_1x05_P2.00mm_Vertical,1,
"R1,R2,R72",10K,652-CR0805-JW-103ELF,,CR0805-JW-103ELF,Bourns,~,Resistor_SMD:R_0805_2012Metric_Pad1.20x1.40mm_HandSolder,3,
"R3,R4,R73,R74,R75",5.1K,652-CR0805JW-512ELF,,CR0805-JW-512ELF,Bourns,~,Resistor_SMD:R_0805_2012Metric_Pad1.20x1.40mm_HandSolder,5,
"R5,R6",27R,603-RC0805FR-1327RL,,RC0805FR-1327RL,YAGEO,~,Resistor_SMD:R_0805_2012Metric_Pad1.20x1.40mm_HandSolder,2,
"R7,R8,R28,R29,R30,R54,R55,R56,R57,R58,R59,R60,R61,R62,R63,R64,R65,R66,R67,R68,R69,R70,R71",1K,652-CR0805FX-1001ELF,,CR0805-FX-1001ELF,Bourns,~,Resistor_SMD:R_0805_2012Metric_Pad1.20x1.40mm_HandSolder,23,
"R9,R10,R11,R12,R13,R14,R15,R16,R17,R18,R19,R20,R21,R22,R23,R24,R25,R26,R27,R31,R32,R33,R34,R36,R37,R38,R39,R40,R41,R42,R43,R44,R45,R46,R47,R48,R49,R50,R51,R52,R53",100R,652-CR0805JW-101ELF,,CR0805-JW-101ELF,Bourns,~,Resistor_SMD:R_0805_2012Metric_Pad1.20x1.40mm_HandSolder,41,
R35,120R,652-CR0805FX-1200ELF,,CR0805-FX-1200ELF,Bourns,~,Resistor_SMD:R_0805_2012Metric_Pad1.20x1.40mm_HandSolder,1,
"SW1,SW2",SW_Push,653-B3F-1000,,B3F-1000,Omron Electronics,~,Button_Switch_THT:SW_TH_Tactile_Omron_B3F-10xx,2,
U1,STM32U545VETx,511-STM32U545VET6,,STM32U545VET6,STMicroelectronics,https://www.st.com/resource/en/datasheet/stm32u545ve.pdf,Package_QFP:LQFP-100_14x14mm_P0.5mm,1,
U2,FT231XQ,895-FT231XS-R,,FT231XS-R,FTDI,https://www.ftdichip.com/Support/Documents/DataSheets/ICs/DS_FT231X.pdf,Package_SO:SSOP-20_3.9x8.7mm_P0.635mm,1,
"U3,U16",LT1963AxST-3.3,584-1963AEST-3.3PBF,,LT1963AEST-3.3#PBF,Analog Devices,https://www.analog.com/media/en/technical-documentation/data-sheets/1963aff.pdf,Package_TO_SOT_SMD:SOT-223-3_TabPin2,2,
"U4,U7,U8,U10,U21,U22,U24,U27,U29,U31,U34",CM1293A-04SO,748-CM1293A-04SO,,CM1293A-04SO,onsemi,,CM1293A-04SO:SOT95P285X140-6N,11,
"U5,U9",TXU0104PWR,595-TXU0104PWR,,TXU0104PWR,Texas Instruments,,TXU0104PWR:SOP65P640X120-14N,2,
"U6,U11,U23,U25",74LVC125APW,771-74LVC125APW-T,,"74LVC125APW,118",Nexperia,,74LVC125APW:IC_74LVC125APW,4,
U12,LSM6DS3,511-LSM6DS3TR-C,,LSM6DS3TR-C,STMicroelectronics,https://www.st.com/resource/en/datasheet/lsm6ds3tr-c.pdf,Package_LGA:LGA-14_3x2.5mm_P0.5mm_LayoutBorder3x4y,1,
U13,LIS2MDL,511-LIS2MDLTR,,LIS2MDLTR,STMicroelectronics,https://www.st.com/resource/en/datasheet/lis2mdl.pdf,Package_LGA:LGA-12_2x2mm_P0.5mm,1,
U14,LPS22DF,511-LPS22DFTR,,LPS22DFTR,STMicroelectronics,https://www.st.com/resource/en/datasheet/lps22df.pdf,Package_LGA:ST_HLGA-10_2x2mm_P0.5mm_LayoutBorder3x2y,1,
"U15,U17",PCA9544APW,771-PCA9544APW-T,,"PCA9544APW,118",NXP Semiconductors,http://www.nxp.com/docs/en/data-sheet/PCA9544A.pdf,Package_SO:TSSOP-20_4.4x6.5mm_P0.65mm,2,
U18,APDS-9251-001,630-APDS-9251-001,,APDS-9251-001,Broadcom / Avago,https://docs.broadcom.com/doc/APDS-9251-001-DS,OptoDevice:Broadcom_LGA-8_2x2mm_P0.5mm,1,
U19,SHT4x,403-SHT40-AD1B-R2,,SHT40-AD1B-R2,Sensirion,https://sensirion.com/media/documents/33FD6951/624C4357/Datasheet_SHT4x.pdf,Sensor_Humidity:Sensirion_DFN-4_1.5x1.5mm_P0.8mm_SHT4x_NoCentralPad,1,
"U20,U26,U28,U32","74LVC2G125DP,125",771-LVC2G125DP125,,"74LVC2G125DP,125",Nexperia,http://www.ti.com/lit/sg/scyt129e/scyt129e.pdf,Package_SO:VSSOP-8_2.3x2mm_P0.5mm,4,
U30,"74LVC125APW,118",771-74LVC125APW-T,,"74LVC125APW,118",Nexperia,http://www.ti.com/lit/gpn/sn74LVC125,Package_SO:TSSOP-14_4.4x5mm_P0.65mm,1,
U33,MCP2542FDxMF,579-MCP2542FDT-E/MF,,MCP2542FDT-E/MF,Microchip Technology,http://ww1.microchip.com/downloads/en/DeviceDoc/MCP2542FD-4FD-MCP2542WFD-4WFD-Data-Sheet20005514B.pdf,Package_DFN_QFN:DFN-8-1EP_3x3mm_P0.65mm_EP1.55x2.4mm,1,
U35,TCA9802,595-TCA9802DGKR,,TCA9802DGKR,Texas Instruments,http://www.ti.com/lit/ds/symlink/tca9802.pdf,Package_SO:VSSOP-8_3x3mm_P0.65mm,1,
U36,TPS259250DRCT,595-TPS259250DRCT,,TPS259250DRCT,Texas Instruments,http://www.ti.com/lit/ds/symlink/tps25925.pdf,Package_SON:VSON-10-1EP_3x3mm_P0.5mm_EP1.65x2.4mm_ThermalVias,1,
X1,ASE-16.000MHZ-LC-T,815-ASE16000MHZLCT,,ASE-16.000MHZ-LC-T,ABRACON,http://www.abracon.com/Oscillators/ASV.pdf,Oscillator:Oscillator_SMD_Abracon_ASE-4Pin_3.2x2.5mm,1,
